Restaurant Name,Distinction,TripAdvisor,Google
Alain Ducasse at The Dorchester,3,https://www.tripadvisor.com/Restaurant_Review-g186338-d1205756-Reviews-Alain_Ducasse_at_The_Dorchester-London_England.html,https://www.google.com/search?sxsrf=APwXEddqiYeMgKriIrK5J4hMLJ2Eu5vg8Q:1687887914564&q=Alain+Ducasse+at+The+Dorchester&uds=iwCAEgAD&sa=X&ved=2ahUKEwjjm8W8gOT_AhVnhf0HHWLKDuEQkc0JegQIDBAB&ictx=0&biw=767&bih=736&dpr=1.25#
The Araki,3,https://www.tripadvisor.com/Restaurant_Review-g186338-d7232958-Reviews-The_Araki-London_England.html,"https://www.google.com/search?q=The+Araki+london&biw=767&bih=736&sxsrf=APwXEdcinqt1OUmVGDBVOyhbghvpfrTOYA%3A1687893685722&ei=tTabZPPaK4iE9u8Ptom36AI&ved=0ahUKEwizibn8leT_AhUIgv0HHbbEDS0Q4dUDCBA&uact=5&oq=The+Araki+london&gs_lcp=Cgxnd3Mtd2l6LXNlcnAQAzIICAAQgAQQywEyBQgAEIAEMgUIABCABDIFCAAQgAQyBggAEBYQHjIICAAQigUQhgMyCAgAEIoFEIYDOgoIABBHENYEELADOgQIIxAnOgcIABCKBRBDOggIABCKBRCRAkoECEEYAFCHBFj-CWDjC2gBcAF4AIABeYgBogaSAQMwLjeYAQCgAQHAAQHIAQg&sclient=gws-wiz-serp#lrd=0x487604d58592666b:0x747345910d199aad,1,,,,"
Gordon Ramsay,3,"RESTAURANT GORDON RAMSAY, London - Chelsea - Menu, Prices & Restaurant Reviews - Tripadvisor","https://www.google.com/search?q=Restaurant+Gordon+Ramsay+68+Royal+Hospital+Rd%2C+London&client=firefox-b-d&ei=HFWbZKrQNJyJ9u8PjtS0yAY&ved=0ahUKEwiqzt77suT_AhWchP0HHQ4qDWkQ4dUDCA4&uact=5&oq=Restaurant+Gordon+Ramsay+68+Royal+Hospital+Rd%2C+London&gs_lcp=Cgxnd3Mtd2l6LXNlcnAQAzIHCAAQExCABDIICAAQFhAeEBMyCAgAEBYQHhATMggIABAWEB4QEzoLCC4QgAQQxwEQ0QM6BQgAEIAEOgsILhCABBDHARCvAToGCAAQFhAeOhkILhCABBDHARDRAxCXBRDcBBDeBBDgBBgBSgQIQRgAUABYkgNg3AVoAXABeACAAWaIAcoBkgEDMC4ymAEAoAEBoAECwAEB2gEGCAEQARgU&sclient=gws-wiz-serp#lrd=0x487605f0a8504091:0x95cc2f42ec47f8b4,1,,,,"
Fat Duck,3,https://www.tripadvisor.it/Restaurant_Review-g528798-d1571626-Reviews-The_Fat_Duck-Bray_on_Thames_Berkshire_England.html,"https://www.google.com/search?q=Fat+Duck%0D%0A+&client=firefox-b-d&ei=D1WbZI6IB8OMlQeAgq_wBA&ved=0ahUKEwjOy5f1suT_AhVDRuUKHQDBC04Q4dUDCA4&uact=5&oq=Fat+Duck%0D%0A+&gs_lcp=Cgxnd3Mtd2l6LXNlcnAQAzIfCC4QigUQxwEQ0QMQ6gIQtAIQigMQtwMQ1AMQ5QIYBDIZCAAQigUQ6gIQtAIQigMQtwMQ1AMQ5QIYBDIVCC4QAxCPARDqAhC0AhCMAxDlAhgFMhUIABADEI8BEOoCELQCEIwDEOUCGAUyFQgAEAMQjwEQ6gIQtAIQjAMQ5QIYBTIVCAAQAxCPARDqAhC0AhCMAxDlAhgFMhUIABADEI8BEOoCELQCEIwDEOUCGAUyFQgAEAMQjwEQ6gIQtAIQjAMQ5QIYBTIVCAAQAxCPARDqAhC0AhCMAxDlAhgFMhUIABADEI8BEOoCELQCEIwDEOUCGAU6CggAEEcQ1gQQsAM6CggAEIoFELADEEM6DQgAEOQCENYEELADGAE6FQguEIoFEMcBEK8BEMgDELADEEMYAjoVCC4QrwEQxwEQigUQyAMQsAMQQxgCOgsILhDHARDRAxCABDoHCAAQigUQQzoFCAAQgAQ6CwguEIAEEMcBEK8BOgYIABAWEB46GQguEMcBENEDEIAEEJcFENwEEN4EEOAEGANKBQgpEgExSgQIQRgAUKcJWOkUYIgXaAJwAXgBgAFviAHYAZIBAzAuMpgBAKABAaABArABCsABAcgBE9oBBggBEAEYCdoBBggCEAEYCNoBBggDEAEYFNoBBAgEGAfaAQQIBRgK&sclient=gws-wiz-serp#lrd=0x48767cd3f93bcef7:0x11e55e1d12bfdc4c,1,,,,"
Waterside Inn,3,https://www.tripadvisor.it/Restaurant_Review-g528798-d752171-Reviews-Waterside_Inn-Bray_on_Thames_Berkshire_England.html,"https://www.google.com/search?client=firefox-b-d&q=Waterside+Inn#lrd=0x48767cd3cc79459f:0x3dc901d153480326,1,,,,"
Claude Bosi at Bibendum,2,https://www.tripadvisor.it/Restaurant_Review-g186338-d12706180-Reviews-Claude_Bosi-London_England.html,"https://www.google.com/search?client=firefox-b-d&q=Claude+Bosi+at+Bibendum+#lrd=0x4876056a0d0563af:0x4a0dc8764fc940b1,1,,,,"
Core by Clare Smyth (NEW),2,https://www.tripadvisor.com/Restaurant_Review-g186338-d12801049-Reviews-Core_by_Clare_Smyth-London_England.html,"https://www.google.com/search?q=Core+by+Clare+Smyth+&client=firefox-b-d&ei=HFabZNasOfG69u8P6cCToAo&ved=0ahUKEwjWquz1s-T_AhVxnf0HHWngBKQQ4dUDCA4&uact=5&oq=Core+by+Clare+Smyth+&gs_lcp=Cgxnd3Mtd2l6LXNlcnAQAzIFCAAQgAQyBQgAEIAEMgUIABCABDIGCAAQFhAeMgYIABAWEB4yBggAEBYQHjIGCAAQFhAeMgYIABAWEB4yBggAEBYQHjIGCAAQFhAeOgoIABBHENYEELADSgQIQRgAUK0CWOsDYNILaAFwAXgAgAFfiAG8AZIBATKYAQCgAQHAAQHIAQg&sclient=gws-wiz-serp#lrd=0x48760fe2573c5555:0x3cbcdddab4d1a8cc,1,,,,"
Dinner by Heston Blumenthal,2,https://www.tripadvisor.com/Restaurant_Review-g186338-d2000067-Reviews-Dinner_by_Heston_Blumenthal-London_England.html,"https://www.google.com/search?client=firefox-b-d&q=Dinner+by+Heston+Blumenthal+#lrd=0x4876053998f43547:0x60f3fd42f231a0fa,1,,,,"
Le Gavroche,2,https://www.tripadvisor.it/Restaurant_Review-g186338-d719688-Reviews-Le_Gavroche-London_England.html,"https://www.google.com/search?client=firefox-b-d&q=Le+Gavroche+#lrd=0x48760454dfb7f8ed:0xc81d8b3fcda009ba,1,,,,"
Greenhouse,2,https://www.tripadvisor.com/Restaurant_Review-g186338-d719268-Reviews-The_Greenhouse-London_England.html,"https://www.google.com/search?q=Greenhouse+restaurant+uk&client=firefox-b-d&ei=r1abZKLBMt6I9u8P7KWGuA8&ved=0ahUKEwji1PG7tOT_AhVehP0HHeySAfcQ4dUDCA4&uact=5&oq=Greenhouse+restaurant+uk&gs_lcp=Cgxnd3Mtd2l6LXNlcnAQAzIFCCEQoAEyBQghEKABOgoIABBHENYEELADOgoIABCKBRCwAxBDOgsILhCvARDHARCABDoLCC4QgAQQsQMQgwE6CggAEIoFELEDEEM6CwguEIAEEMcBEK8BOgcIABCKBRBDOgUIABCABDoZCC4QrwEQxwEQgAQQlwUQ3AQQ3gQQ4AQYAToGCAAQFhAeOhkILhCABBDHARCvARCXBRDcBBDeBBDgBBgBOgcIABATEIAEOg0ILhATEIAEEMcBEK8BOggIABAWEB4QE0oECEEYAFCmAVj0bGCxcGgEcAF4AIABhAGIAYUPkgEEMC4xN5gBAKABAcABAcgBCtoBBggBEAEYFA&sclient=gws-wiz-serp#lrd=0x4876052ef1a5e865:0xe433b180995c10ec,1,,,,"
Hélène Darroze at The Connaught,2,https://www.tripadvisor.it/Restaurant_Review-g186338-d1237584-Reviews-Helene_Darroze_at_The_Connaught-London_England.html,"https://www.google.com/search?client=firefox-b-d&q=H%C3%A9l%C3%A8ne+Darroze+at+The+Connaught+#lrd=0x4876052c2daad635:0x49e84b69a8e29d72,1,,,,"
Kitchen Table at Bubbledogs (NEW),2,https://www.tripadvisor.com/Restaurant_Review-g186338-d4101794-Reviews-Kitchen_Table-London_England.html,"https://www.google.com/search?client=firefox-b-d&q=Kitchen+Table+at+Bubbledogs+%28NEW%29+#lrd=0x48761b2960bea6dd:0x12d2f20c51cf92a3,1,,,,"
The Ledbury,2,https://www.tripadvisor.it/Restaurant_Review-g186338-d720761-Reviews-The_Ledbury-London_England.html,"https://www.google.com/search?client=firefox-b-d&q=The+Ledbury++#lrd=0x4876101d34506f7b:0x8e76a34fff31a9e4,1,,,,"
Sketch (The Lecture Room and Library),2,https://www.tripadvisor.com/Restaurant_Review-g186338-d1389710-Reviews-Sketch_Lecture_Room_and_Library-London_England.html,"https://www.google.com/search?q=Sketch+%28The+Lecture+Room+and+Library%29+mayfair&client=firefox-b-d&ei=a1ebZJPfH7eH9u8Pt7yZwAo&ved=0ahUKEwjTwLGVteT_AhW3g_0HHTdeBqgQ4dUDCA4&uact=5&oq=Sketch+%28The+Lecture+Room+and+Library%29+mayfair&gs_lcp=Cgxnd3Mtd2l6LXNlcnAQAzIGCAAQFhAeOgoIABBHENYEELADOgkIABAWEB4Q8QRKBAhBGABQ9RNYqh1gtR5oAXABeAGAAY8BiAGMCJIBAzAuOZgBAKABAcABAcgBCA&sclient=gws-wiz-serp#lrd=0x4876052a8fed866b:0xb07500db019d0324,1,,,,"
Umu,2,https://www.tripadvisor.it/Restaurant_Review-g186338-d720870-Reviews-Umu-London_England.html,"https://www.google.com/search?client=firefox-b-d&q=Umu+ristorante#lrd=0x4876052bb143c0f5:0xc2fdba5cff5cd1ef,1,,,,"
Belmond Le Manoir aux Quat'Saisons,2,,
Hand and Flowers,2,https://www.tripadvisor.it/Restaurant_Review-g315927-d732524-Reviews-The_Hand_Flowers-Marlow_Buckinghamshire_England.html,"https://www.google.com/search?client=firefox-b-d&q=Hand+and+Flowers+#lrd=0x487689b8aafc8777:0xeff93fa5bcb0bdc8,1,,,,"
L'Enclume,2,https://www.tripadvisor.it/Restaurant_Review-g499539-d800663-Reviews-L_Enclume-Cartmel_Grange_over_Sands_Lake_District_Cumbria_England.html,"https://www.google.com/search?client=firefox-b-d&q=L%27Enclume+#lrd=0x487c9814cb63bb8d:0xa8231cf834b33bf2,1,,,,"
Midsummer House,2,https://www.tripadvisor.it/Restaurant_Review-g186225-d731226-Reviews-Midsummer_House-Cambridge_Cambridgeshire_England.html,"https://www.google.com/search?client=firefox-b-d&q=Midsummer+House+#lrd=0x47d8709335df1657:0x1b1396adce6a5318,1,,,,"
Moor Hall (NEW),2,https://www.tripadvisor.com/Restaurant_Review-g3213860-d12230305-Reviews-Moor_Hall-Aughton_Ormskirk_Lancashire_England.html,"https://www.google.com/search?q=moor+hall+restaurant&sxsrf=APwXEdc9J3HZCX_p153ZSHXOtLa6pM2Zew%3A1688022044630&ei=HCydZNT-JZ-F9u8Pu_uWqAQ&oq=Moor+Hall+&gs_lcp=Cgxnd3Mtd2l6LXNlcnAQARgAMgcIABCKBRBDMhMILhCKBRDHARCvARCYBRCZBRBDMgsILhCABBDHARCvATILCC4QgAQQxwEQrwEyBQgAEIAEMgUIABCABDIFCAAQgAQyBQgAEIAEMgUIABCABDIHCAAQigUQQzoKCAAQRxDWBBCwAzoKCAAQigUQsAMQQzoNCAAQ5AIQ1gQQsAMYAToPCC4QigUQyAMQsAMQQxgCOhgILhCKBRDHARCvARCYBRDIAxCwAxBDGAI6GwguEIoFEMcBEK8BEJgFEJkFEMgDELADEEMYAjoVCC4QigUQxwEQrwEQyAMQsAMQQxgCOiEILhCKBRDHARCvARCYBRCZBRBDEJcFENwEEN4EEOAEGANKBAhBGABQwghYwghgnjZoAXABeACAAX2IAX2SAQMwLjGYAQCgAQHAAQHIARPaAQYIARABGAnaAQYIAhABGAjaAQYIAxABGBQ&sclient=gws-wiz-serp#lrd=0x487b17efadfaa625:0xd6d9d52194912961,1,,,,"
Raby Hunt,2,"RABY HUNT RESTAURANT, Darlington - Menu, Prices & Restaurant Reviews - Tripadvisor","https://www.google.com/search?q=raby+hunt&oq=Raby+Hunt&aqs=edge.0.0i67i650j0i273i650j0i67i650j0i512l5.916j0j9&sourceid=chrome&ie=UTF-8#lrd=0x487e9d6f996b79af:0xe4b0cceffba02c81,1,,,,"
Restaurant Nathan Outlaw,2,,
Restaurant Sat Bains,2,https://www.tripadvisor.com/Restaurant_Review-g186356-d1192128-Reviews-Restaurant_Sat_Bains_with_rooms-Nottingham_Nottinghamshire_England.html,"https://www.google.com/search?q=Restaurant+Sat+Bains&sxsrf=APwXEdfVihQIvChX3ovSsmGCnVd9o59F3w%3A1688023458359&ei=ojGdZJi6FZ2E9u8P7feQmAU&ved=0ahUKEwiYk-60-ef_AhUdgv0HHe07BFMQ4dUDCBE&uact=5&oq=Restaurant+Sat+Bains&gs_lcp=Cgxnd3Mtd2l6LXNlcnAQAzIFCAAQgAQyBQgAEIAEMgUIABCABDIKCAAQgAQQFBCHAjIFCAAQgAQyBQgAEIAEMgUIABCABDIFCAAQgAQyBQgAEIAEMgUIABCABDoKCAAQRxDWBBCwAzoECCMQJzoHCCMQ6gIQJzoHCC4Q6gIQJ0oFCCkSATFKBAhBGABQvglY-RBggRtoAnABeAOAAagBiAH9BJIBAzUuMZgBAKABAaABArABCsABAcgBCA&sclient=gws-wiz-serp#lrd=0x4879c24386b4fe01:0x6a793483c39d583e,1,,,,"
Andrew Fairlie at Gleneagles,2,https://www.tripadvisor.com/Restaurant_Review-g551796-d698034-Reviews-Restaurant_Andrew_Fairlie-Auchterarder_Perth_and_Kinross_Scotland.html,"https://www.google.com/search?q=Andrew+Fairlie+at+Gleneagles&sxsrf=APwXEde31APGt34cDRu9Fz4vCcxJpGYGhw%3A1688023511383&ei=1zGdZJr5Fvn77_UPlIabqAs&hotel_occupancy=2&ved=0ahUKEwjawJLO-ef_AhX5_bsIHRTDBrUQ4dUDCBE&uact=5&oq=Andrew+Fairlie+at+Gleneagles&gs_lcp=Cgxnd3Mtd2l6LXNlcnAQAzILCC4QgAQQxwEQrwEyBQgAEIAEMgYIABAWEB4yBggAEBYQHjIGCAAQFhAeMhkILhCABBDHARCvARCXBRDcBBDeBBDgBBgDOgoIABBHENYEELADOgoIABCKBRCwAxBDOg0IABDkAhDWBBCwAxgBOg8ILhCKBRDIAxCwAxBDGAI6EgguEIoFENQCEMgDELADEEMYAjoVCC4QigUQxwEQrwEQyAMQsAMQQxgCOgcIIxCKBRAnOgoIABCABBAUEIcCOgcIIxDqAhAnOgcILhDqAhAnOhIILhCKBRDIAxDqAhC0AhBDGAI6GAguEIoFEMcBEK8BEMgDEOoCELQCEEMYAjoYCC4QigUQxwEQ0QMQyAMQ6gIQtAIQQxgCSgUIKRIBMUoECEEYAFDRAljgCGDEFGgCcAF4AYABmwGIAfsCkgEDMS4ymAEAoAEBoAECsAESwAEByAET2gEGCAEQARgJ2gEGCAIQARgI2gEGCAMQARgU&sclient=gws-wiz-serp#lrd=0x4888829a88cde1cf:0x13e28e72c7e5c72c,1,,,,"
Patrick Guilbaud,2,https://www.google.com/url?sa=t&rct=j&q=&esrc=s&source=web&cd=&cad=rja&uact=8&ved=2ahUKEwiDpfzs-ef_AhXHgf0HHVA6D3UQFnoECA8QAQ&url=https%3A%2F%2Fwww.tripadvisor.com%2FRestaurant_Review-g186605-d693140-Reviews-Restaurant_Patrick_Guilbaud-Dublin_County_Dublin.html&usg=AOvVaw178Gs7bnVLWu4GEhZlcytp&opi=89978449,"https://www.google.com/search?q=patrick+guilbaud&oq=Patrick+Guilbaud&aqs=edge.0.0i512l8.672j0j4&sourceid=chrome&ie=UTF-8#lrd=0x48670e99d9b366c1:0x10d30a3c559d6c8a,1,,,,"
Alyn Williams at The Westbury,1,,
Amaya,1,https://www.tripadvisor.com/Restaurant_Review-g186338-d948537-Reviews-Amaya-London_England.html,"https://www.google.com/search?q=amaya+restaurant+london&sxsrf=APwXEdeSmc8j8utElwrND7joUGr2XnWEYQ%3A1688023720205&ei=qDKdZLCNDOOA9u8PobirgAE&gs_ssp=eJzj4tLP1TcwKTCLTzE2YLRSNagwsTA3MzA1TkoztTBNM0w0tzKoMDI0MzY1sTBJNEoxTTJOs_AST8xNrExUKEotLkksLUrMK1HIyc9Lyc8DAArDFoE&oq=Amaya+resta&gs_lcp=Cgxnd3Mtd2l6LXNlcnAQAxgAMg4ILhCABBDHARCvARDLATIFCAAQgAQyDgguEIAEEMcBEK8BEMsBMhAILhCABBAUEIcCEMcBEK8BMgoIABCABBAUEIcCMgUIABCABDIFCAAQgAQyBQgAEIAEMgUIABCABDIFCAAQgAQyHAguEIAEEMcBEK8BEMsBEJcFENwEEN4EEOAEGAE6CggAEIoFELADEEM6CAgAEIAEELADOgcIIxCKBRAnOgYIABAWEB46CAgAEBYQHhAPOgcIIxDqAhAnOgcILhDqAhAnOgcILhCKBRBDOggIABCABBDLAToXCC4QrwEQxwEQgAQQmAUQmgUQngUQywE6FwguEIAEEMcBEK8BEJgFEJ4FEJoFEMsBOhUILhCKBRBDEJcFENwEEN4EEOAEGAE6FAguEIAEEMcBEK8BEJgFEJkFEMsBSgUIKRIBMUoECEEYAVDzAliYYmDVjAFoAXAAeAOAAb4BiAHfC5IBBDAuMTKYAQCgAQGgAQKwAQrAAQHIAQLaAQYIARABGBQ&sclient=gws-wiz-serp#lrd=0x4876053bf585f1a7:0x21635484a2d5b3f8,1,,,,"
Angler,1,https://www.tripadvisor.com/Restaurant_Review-g186338-d3534237-Reviews-Angler-London_England.html,"https://www.google.com/search?q=angler+restaurant&sxsrf=APwXEdfZzu94Jgvht8JGVoGBoOqflQXnqQ%3A1688024011244&ei=yzOdZOvADpvd7_UPpMmR8AM&gs_ssp=eJzj4tFP1zc0rMw1yDU2sTBgtFI1qDCxMDczTE5MNk5LtTBJNTW2MqgwNTc3MzE0tTRJMjBONU829RJMzEvPSS1SKEotLkksLUrMKwEAvdEU-A&oq=Angler+re&gs_lcp=Cgxnd3Mtd2l6LXNlcnAQAxgAMg0ILhCKBRDHARCvARBDMgUIABCABDIFCAAQgAQyBQgAEIAEMgUIABCABDIFCAAQgAQyCggAEIAEEBQQhwIyBQgAEIAEMgUIABCABDIFCAAQgAQyGwguEIoFEMcBEK8BEEMQlwUQ3AQQ3gQQ4AQYAzoKCAAQRxDWBBCwAzoKCAAQigUQsAMQQzoNCAAQ5AIQ1gQQsAMYAToVCC4QigUQxwEQrwEQyAMQsAMQQxgCOgcILhCKBRBDOgcIABCKBRBDOg4ILhCvARDHARCABBDLAToNCC4QrwEQxwEQigUQQzoICAAQgAQQywE6FQguEIoFEEMQlwUQ3AQQ3gQQ3wQYAzoOCC4QgAQQxwEQrwEQywE6CAguEIAEEMsBSgUIKRIBMUoECEEYAFDLAVirBGCbGGgBcAF4AIABywGIAaYDkgEFMS4xLjGYAQCgAQHAAQHIARLaAQYIARABGAnaAQYIAhABGAjaAQYIAxABGBQ&sclient=gws-wiz-serp#lrd=0x48761cac3fe84e53:0x577641594b03e7c5,1,,,,"
Aquavit,1,https://www.tripadvisor.co.uk/Restaurant_Review-g186338-d11576237-Reviews-Aquavit_London-London_England.html,"https://www.google.com/search?q=aquavit+restaurant+uk&sxsrf=APwXEdeONlFOaZnV0BN7jsxBmJGyapIRPw%3A1688024073825&ei=CTSdZKWBMqfs7_UPsqS5mAI&ved=0ahUKEwjlqava--f_AhUn9rsIHTJSDiMQ4dUDCBE&uact=5&oq=aquavit+restaurant+uk&gs_lcp=Cgxnd3Mtd2l6LXNlcnAQAzIFCAAQogQyBQgAEKIEOgoIABBHENYEELADOgoIABCKBRCwAxBDOg0IABDkAhDWBBCwAxgBOg8ILhCKBRDIAxCwAxBDGAI6FQguEIoFEMcBEK8BEMgDELADEEMYAjoFCAAQgAQ6CggAEIAEEBQQhwI6BwgAEIoFEEM6BQghEKABSgQIQRgAUL8DWNsJYM4QaAFwAXgAgAGRAYgB3AKSAQMxLjKYAQCgAQHAAQHIARPaAQYIARABGAnaAQYIAhABGAg&sclient=gws-wiz-serp#lrd=0x487604d15d5ca7fd:0xf2b24bbf25bf8202,1,,,,"
A.Wong,1,https://www.tripadvisor.com/Restaurant_Review-g186338-d680470-Reviews-A_Wong-London_England.html,"https://www.google.com/search?q=a.wong&oq=A.Wong&aqs=edge.0.0i512l3j0i10i512.463j0j4&sourceid=chrome&ie=UTF-8#lrd=0x487604e01d4a0891:0x6ff9ea674c340c6e,1,,,,"
Barrafina,1,https://www.tripadvisor.com/Restaurant_Review-g186338-d734329-Reviews-Barrafina-London_England.html,"https://www.google.com/search?q=barrafina+michelin+star&sxsrf=APwXEdeeeNj04X14lJGA_pabbKZq9gwxtw%3A1688025024307&ei=wDedZKqrEsnj7_UPvuOv-Ac&gs_ssp=eJzj4tZP1zcsScupSE4qNGC0UjWoMLEwNzMwSTFKSTayTDVLtLQyqEg2NUozNUxONDI2SU6xsDT3Ek9KLCpKTMvMS1TIzUzOSM3JzFMoLkksAgB0eBgA&oq=barrafina+mic&gs_lcp=Cgxnd3Mtd2l6LXNlcnAQAxgAMg4ILhCABBDHARCvARDLATIFCAAQgAQyBggAEBYQHjIGCAAQFhAeMggIABCKBRCGAzIICAAQigUQhgMyCAgAEIoFEIYDMggIABCKBRCGAzIcCC4QgAQQxwEQrwEQywEQlwUQ3AQQ3gQQ4AQYAzoKCAAQRxDWBBCwAzoKCAAQigUQsAMQQzoNCAAQ5AIQ1gQQsAMYAToYCC4QigUQxwEQ0QMQ1AIQyAMQsAMQQxgCOhUILhCKBRDHARCvARDIAxCwAxBDGAI6DQguEK8BEMcBEIoFEEM6DQguEIoFEMcBEK8BEEM6BwgAEIoFEEM6CAgAEIAEEMsBOhsILhCvARDHARCKBRBDEJcFENwEEN4EEOAEGANKBAhBGABQ8wNY2g1grBloAnABeACAAdIBiAH8B5IBBTEuNC4xmAEAoAEBwAEByAET2gEGCAEQARgJ2gEGCAIQARgI2gEGCAMQARgU&sclient=gws-wiz-serp#lrd=0x487604d2dc29e6a9:0xc52f51ca234cd897,1,,,,"
Benares,1,https://www.tripadvisor.com/Restaurant_Review-g186338-d731399-Reviews-Benares_Restaurant_Bar-London_England.html,"https://www.google.com/search?q=benares+london&sxsrf=APwXEdd4OSHPHiNsH5-mkMaBFmlsUyRAcg%3A1688059998323&ei=XsCdZKWtE6mC9u8Po42euAQ&gs_ssp=eJzj4tLP1TcwKTCLT8kwYLRSNagwsTA3MzA1SkpJMzMxSjIwtDKoSDU1T7UwSTMwSjIxNDdIM_TiS0rNSyxKLVbIyc9Lyc8DAGGuEzs&oq=benares+&gs_lcp=Cgxnd3Mtd2l6LXNlcnAQAxgAMg0ILhCvARDHARCKBRBDMgcILhCKBRBDMgcIABCKBRBDMggIABCABBDLATIOCC4QgAQQxwEQrwEQywEyCAgAEIAEEMsBMggIABCABBDLATIOCC4QgAQQxwEQrwEQywEyCAgAEIAEEMsBMggIABCABBDLATIbCC4QrwEQxwEQigUQQxCXBRDcBBDeBBDgBBgDOgoIABBHENYEELADOgoIABCKBRCwAxBDOg0IABDkAhDWBBCwAxgBOhUILhCKBRDHARCvARDIAxCwAxBDGAJKBQgpEgExSgQIQRgAUIUDWIUDYJgXaAFwAXgAgAGWAYgBlgGSAQMwLjGYAQCgAQHAAQHIARPaAQYIARABGAnaAQYIAhABGAjaAQYIAxABGBQ&sclient=gws-wiz-serp#lrd=0x4876052bdf642b01:0xe57e84f02b4170f1,1,,,,"
Bonhams,1,https://www.tripadvisor.com/Restaurant_Review-g186338-d7907458-Reviews-Bonhams_Restaurant-London_England.html,"https://www.google.com/search?q=Bonhams+restaurant+mayfair&sxsrf=APwXEddBdLOlIhxpQmToijc5xPHUgn_f8g%3A1688060058905&ei=msCdZI3UNtWM9u8P-I-1MA&ved=0ahUKEwiNia7hgen_AhVVhv0HHfhHDQYQ4dUDCBE&uact=5&oq=Bonhams+restaurant+mayfair&gs_lcp=Cgxnd3Mtd2l6LXNlcnAQAzIFCCEQoAEyBQghEKABOgsIABCJBRCiBBCwAzoICAAQogQQsAM6DggAEPEEEIkFEKIEELADOgQIIxAnOgUIABCABDoGCAAQFhAeOgQIIRAVOgcIIRCgARAKSgQIQRgBULYfWLQuYL8xaAFwAHgAgAFyiAH4BpIBAzQuNZgBAKABAcABAcgBAw&sclient=gws-wiz-serp#lrd=0x4876052b65c048b7:0x98cc47a86a59afb6,1,,,,"
Brat (NEW),1,https://www.tripadvisor.com/Restaurant_Review-g186338-d13869569-Reviews-Brat-London_England.html,"https://www.google.com/search?q=brat+restaurant+london&oq=Brat+&aqs=edge.1.69i57j0i273i650j0i512l7.3708j0j4&sourceid=chrome&ie=UTF-8#lrd=0x48761cb0b66575ed:0xbc95fbb590ac2921,1,,,,"
Céleste,1,https://www.tripadvisor.com/Restaurant_Review-g186338-d8445606-Reviews-The_Lanesborough_Grill-London_England.html,"https://www.google.com/search?q=c%C3%A9leste+at+the+lanesborough&oq=C%C3%A9leste+at+the+Lanesborough&aqs=edge.0.0i512j69i64j69i60.1754j0j4&sourceid=chrome&ie=UTF-8#lrd=0x4876052532aac6bd:0x8626b185f336721f,1,,,,"
Chez Bruce,1,https://www.tripadvisor.com/Restaurant_Review-g186338-d718485-Reviews-Chez_Bruce-London_England.html,"https://www.google.com/search?q=Chez+Bruce&oq=Chez+Bruce&aqs=edge..69i57j0i512j0i273i650j0i512l5.775j0j4&sourceid=chrome&ie=UTF-8#lrd=0x487605e98d113315:0x56e5ebf33820c534,1,,,,"
City Social,1,https://www.tripadvisor.com/Restaurant_Review-g186338-d6614484-Reviews-City_Social-London_England.html,"https://www.google.com/search?q=City+Social&oq=City+Social&aqs=edge..69i57j0i273i650l2j0i512l2j0i273i650j0i512l3.521j0j4&sourceid=chrome&ie=UTF-8#lrd=0x48761cad367a6c7f:0x132f1b5a0e82c0c8,1,,,,"
The Clove Club,1,https://www.tripadvisor.com/Restaurant_Review-g186338-d4098078-Reviews-The_Clove_Club-London_England.html,"https://www.google.com/search?q=The+Clove+Club&oq=The+Clove+Club&aqs=edge..69i57j0i273i650j0i512l6.3654j0j4&sourceid=chrome&ie=UTF-8#lrd=0x48761cba5fa8b191:0x33c7bbe08de9fa81,1,,,,"
Club Gascon,1,https://www.tripadvisor.com/Restaurant_Review-g186338-d718530-Reviews-Club_Gascon-London_England.html,"https://www.google.com/search?q=Club+Gascon&oq=Club+Gascon&aqs=edge..69i57j0i273i650l2j0i512l5j69i64.1890j0j4&sourceid=chrome&ie=UTF-8#lrd=0x48761b538be323f1:0x535b0251ed858632,1,,,,"
Dining Room at the Goring,1,https://www.tripadvisor.com/Restaurant_Review-g186338-d1903212-Reviews-The_Goring_Dining_Room-London_England.html,"https://www.google.com/search?q=dining+room+at+the+goring&oq=Dining+Room+at+the+Goring&aqs=edge.0.0i512l2j0i22i30l2j69i64.1111j0j4&sourceid=chrome&ie=UTF-8#lrd=0x48760521694aa95d:0xa071e230fc3dae16,1,,,,"
Elystan Street,1,https://www.tripadvisor.com/Restaurant_Review-g186338-d11672129-Reviews-Elystan_Street-London_England.html,"https://www.google.com/search?q=Elystan+Street&oq=Elystan+Street&aqs=edge..69i57j0i273i650j0i67i650j0i273i650j0i512l4j69i64.1479j0j4&sourceid=chrome&ie=UTF-8#lrd=0x4876056a53fd81c9:0x201ee6e22668bf0a,1,,,,"
Fera at Claridge's,1,,"https://www.google.com/search?q=Fera+at+Claridge%27s&oq=Fera+at+Claridge%27s&aqs=edge..69i57j0i512j0i22i30l4j0i390i650l2.712j0j4&sourceid=chrome&ie=UTF-8#lrd=0x4876052c8f9869cd:0xf6dac64b2a174a0c,1,,,,"
Five Fields,1,https://www.tripadvisor.com/Restaurant_Review-g186338-d3853609-Reviews-The_Five_Fields-London_England.html,"https://www.google.com/search?q=Five+Fields&oq=Five+Fields&aqs=edge..69i57j0i273i650j0i512l2j0i273i650j0i512l4.637j0j4&sourceid=chrome&ie=UTF-8#lrd=0x48760515a9094317:0xf135c454e805c35a,1,,,,"
Galvin at Windows,1,https://www.tripadvisor.com/Restaurant_Review-g186338-d730159-Reviews-Galvin_at_Windows-London_England.html,"https://www.google.com/search?q=Galvin+at+Windows&oq=Galvin+at+Windows&aqs=edge..69i57j69i64.599j0j4&sourceid=chrome&ie=UTF-8#lrd=0x4876052f99d7b523:0x9143d4a1e1128d0b,1,,,,"
Galvin La Chapelle,1,https://www.tripadvisor.com/Restaurant_Review-g186338-d1645957-Reviews-Galvin_La_Chapelle-London_England.html,"https://www.google.com/search?q=galvin+la+chapelle&oq=Galvin+La+Chapelle&aqs=edge.0.0i512j0i20i263i512j0i512l6.634j0j4&sourceid=chrome&ie=UTF-8#lrd=0x48761cb3d8879783:0x10f181790c118e21,1,,,,"
The Glasshouse,1,https://www.tripadvisor.com/Restaurant_Review-g1466790-d719031-Reviews-The_Glasshouse-Kew_Richmond_upon_Thames_Greater_London_England.html,
Gymkhana,1,https://www.tripadvisor.com/Restaurant_Review-g186338-d4981784-Reviews-Gymkhana-London_England.html,"https://www.google.com/search?q=gymkhana+london&sxsrf=APwXEddMUGz8CD5SM8DYUmeVoZkX0aB_Pg%3A1688061322380&ei=isWdZOnTFsSF9u8PuJagsAQ&gs_ssp=eJzj4tFP1zcsKDAqqTRPLzJgtFI1qDCxMDczMDWyTDVLszSwTDK3MqhITjFKtky1MDVOTkxNMzYw8uJPr8zNzkjMS1TIyc9Lyc8DAMVHFSw&oq=Gymkhana&gs_lcp=Cgxnd3Mtd2l6LXNlcnAQAxgAMg0ILhCvARDHARCKBRBDMggILhCABBDLATIICAAQgAQQywEyCAgAEIAEEMsBMgUIABCABDIICAAQgAQQywEyCAguEIAEEMsBMggIABCABBDLATIICAAQgAQQywEyCAgAEIAEEMsBMhsILhCvARDHARCKBRBDEJcFENwEEN4EEOAEGAI6CggAEEcQ1gQQsAM6CggAEIoFELADEEM6CgguEIoFELADEEM6BAgjECc6BwgjEIoFECc6FAguEIAEEMcBEK8BEJgFEJkFEMsBOhcILhCABBDHARCvARCYBRCeBRCZBRDLAToHCCMQ6gIQJzoPCAAQigUQ6gIQtAIQQxgBOg8ILhCKBRDqAhC0AhBDGAFKBQgpEgExSgQIQRgAUMoEWL4KYOwdaAJwAXgBgAGwAYgBvgOSAQMwLjOYAQCgAQGgAQKwARLAAQHIAQraAQYIARABGAHaAQYIAhABGBQ&sclient=gws-wiz-serp#lrd=0x48760529e6f909b7:0xcd2c9e853caef302,1,,,,"
Hakkasan Hanway Place,1,https://www.tripadvisor.com/Restaurant_Review-g186338-d699656-Reviews-Hakkasan_Hanway_Place-London_England.html,"https://www.google.com/search?q=hakkasan+hanway+place&oq=Hakkasan+Hanway+Place&aqs=edge.0.0i67i650j0i512l7.769j0j4&sourceid=chrome&ie=UTF-8#lrd=0x487604d494e4d8c9:0x189201b06f9bced6,1,,,,"
Hakkasan Mayfair,1,https://www.tripadvisor.com/Restaurant_Review-g186338-d1986748-Reviews-Hakkasan_Mayfair-London_England.html,"https://www.google.com/search?q=Hakkasan+Mayfair&oq=Hakkasan+Mayfair&aqs=edge..69i57j69i64.3243j0j4&sourceid=chrome&ie=UTF-8#lrd=0x487604d494e4d8c9:0x6af73f2398c74446,1,,,,"
Harwood Arms,1,https://www.tripadvisor.com/Restaurant_Review-g186338-d850304-Reviews-The_Harwood_Arms-London_England.html,"https://www.google.com/search?q=Harwood+Arms&oq=Harwood+Arms&aqs=edge..69i57j0i20i263i512j0i512l6.552j0j4&sourceid=chrome&ie=UTF-8#lrd=0x48760f85825db661:0x179020c361401bac,1,,,,"
Hedone,1,,"https://www.google.com/search?q=hedone+chiswick&sxsrf=APwXEdd_LKLc2sGQVCQ2_72ZINCblEiLjQ%3A1688061487356&ei=L8adZNyTFYqI9u8P_MSfwA8&ved=0ahUKEwic57-Kh-n_AhUKhP0HHXziB_gQ4dUDCBE&uact=5&oq=hedone+chiswick&gs_lcp=Cgxnd3Mtd2l6LXNlcnAQAzIFCAAQgAQ6CggAEEcQ1gQQsAM6DgguEK8BEMcBEIAEEMsBOggIABCABBDLAToOCC4QgAQQxwEQrwEQywE6CAgAEIoFEJECOhwILhCvARDHARCABBDLARCXBRDcBBDeBBDgBBgBOgcIABCABBAKOgoILhCABBDUAhAKOg0ILhCABBDHARCvARAKOgYIABAWEB46CAgAEIoFEIYDSgQIQRgAUJMEWMAOYLwQaAJwAXgAgAGXAYgB8weSAQMwLjiYAQCgAQHAAQHIAQTaAQYIARABGBQ&sclient=gws-wiz-serp#lrd=0x48760e6d21686a5d:0x192c2e102d3c148a,1,,,,"
Hide (NEW),1,https://www.tripadvisor.com/Restaurant_Review-g186338-d13966020-Reviews-Hide-London_England.html,"https://www.google.com/search?q=hide+restaurant+london&sxsrf=APwXEdeiCAbkXQ5k6IJ_fmMVGzosrdEJrg%3A1688061557300&ei=dcadZIb5EZbe7_UP-96c2Ak&gs_ssp=eJzj4tVP1zc0zEguTikxKMkwYLRSNagwsTA3MzA1T0pLSTYxNbBMszKoSEw1Nzc0szCyNLa0SElOtfASy8hMSVUoSi0uSSwtSswrUcjJz0vJzwMAdvMYCg&oq=Hide+r&gs_lcp=Cgxnd3Mtd2l6LXNlcnAQAxgAMg4ILhCvARDHARCKBRCRAjIICAAQgAQQywEyCAgAEIAEEMsBMggIABCABBDLATIICAAQgAQQywEyCAgAEIAEEMsBMggIABCABBDLATIFCAAQgAQyBQgAEIAEMggIABCABBDLATIcCC4QrwEQxwEQigUQkQIQlwUQ3AQQ3gQQ4AQYAToKCAAQRxDWBBCwAzoECCMQJzoGCAAQFhAeOggIABAWEB4QCjoOCC4QigUQxwEQrwEQkQI6CAguEIAEEMsBOgsILhCABBDUAhDLAUoECEEYAFDpAliFDGCPFGgBcAF4AIABgAGIAcwFkgEDMC42mAEAoAEBwAEByAEI2gEGCAEQARgU&sclient=gws-wiz-serp#lrd=0x4876057bfdc4509f:0xae7716829398dce8,1,,,,"
Ikoyi (NEW),1,https://www.tripadvisor.com/Restaurant_Review-g186338-d12673610-Reviews-Ikoyi-London_England.html,"https://www.google.com/search?q=ikoyi+restaurant&sxsrf=APwXEdclJfVOHaVCkdpBQLaZKSmjrofxVg%3A1688061758714&ei=PsedZKeDK-787_UPt6-XuAw&gs_ssp=eJzj4tVP1zc0TIk3yk5JycgxYLRSNagwsTA3MzBJMTQzszAySLE0tjKoMDe0sDAzTzJPNjUxNDK2MPISyMzOr8xUKEotLkksLUrMKwEAvMYUjw&oq=Ikoyi+&gs_lcp=Cgxnd3Mtd2l6LXNlcnAQAxgBMgQIIxAnMg4ILhCvARDHARCKBRCRAjIICAAQigUQkQIyCAgAEIAEEMsBMggIABCABBDLATIICC4QgAQQywEyCAgAEIAEEMsBMggIABCABBDLATIICAAQgAQQywEyBQgAEIAEMhwILhCvARDHARCKBRCRAhCXBRDcBBDeBBDgBBgBOgoIABBHENYEELADOgYIABAWEB46CAgAEIoFEIYDOgYILhAWEB5KBQgpEgExSgQIQRgAUPEDWOoIYLcmaAFwAXgAgAGEAYgBzgSSAQMwLjWYAQCgAQHAAQHIAQjaAQYIARABGBQ&sclient=gws-wiz-serp#lrd=0x487604d166820d93:0x718867b7c5412382,1,,,,"
Kai,1,https://www.tripadvisor.com/Restaurant_Review-g186609-d2216698-Reviews-Kai-Galway_County_Galway_Western_Ireland.html,"https://www.google.com/search?q=kai+restaurant+michelin+star&sxsrf=APwXEdewC7E8_QAmxJkATN0H-OmD34zBHA%3A1688063564613&ei=TM6dZNqKJbqL9u8Pn_aayA0&oq=kai+restaurant+m&gs_lcp=Cgxnd3Mtd2l6LXNlcnAQAxgEMgUIABCABDIKCAAQgAQQFBCHAjIFCAAQgAQyBQgAEIAEMgoIABCABBAUEIcCMgUIABCABDIFCAAQgAQyBQgAEIAEMgUIABCABDIFCAAQgAQ6CggAEEcQ1gQQsAM6CggAEIoFELADEEM6DQgAEOQCENYEELADGAE6DwguEIoFEMgDELADEEMYAjoHCC4QigUQQzoHCAAQigUQQzoKCC4QigUQ1AIQQzoVCC4QigUQQxCXBRDcBBDeBBDfBBgDOggIABCABBDLAToICC4QgAQQywE6FQguEIoFEEMQlwUQ3AQQ3gQQ4AQYAzoOCC4QgAQQxwEQrwEQywE6CggAEIAEEAoQywE6HAguEIAEEMcBEK8BEMsBEJcFENwEEN4EEOAEGAM6BggAEBYQHkoFCCkSATFKBAhBGABQiAFY5jxg2VRoAXABeACAAc4BiAH0DZIBBjAuMTAuMZgBAKABAcABAcgBENoBBggBEAEYCdoBBggCEAEYCNoBBggDEAEYFA&sclient=gws-wiz-serp#lrd=0x485b96f93c9cbe11:0x937051d82d0f7160,1,,,,"
Kitchen W8,1,https://www.tripadvisor.com/Restaurant_Review-g186338-d1656751-Reviews-Kitchen_W8-London_England.html,"https://www.google.com/search?q=Kitchen+W8&oq=Kitchen+W8&aqs=edge..69i57j0i20i263i512j0i273i650l2j0i512l4j69i64.651j0j4&sourceid=chrome&ie=UTF-8#lrd=0x48760ff3d572e0d7:0x56e312d701a0541c,1,,,,"
L'Atelier de Joël Robuchon,1,,"https://www.google.com/search?q=l%27atelier+de+jo%C3%ABl+robuchon+westminster&sxsrf=APwXEdeFtyoKP53lflPVzlRK11rnGZaQyg%3A1688063740469&ei=_M6dZMqUHLrr7_UP4NKOgA8&oq=l%27atelier+de+jo%C3%ABl+robuchon+wes&gs_lcp=Cgxnd3Mtd2l6LXNlcnAQAxgBMgUIIRCgATIFCCEQoAEyBQghEKABMgUIIRCgATIFCCEQoAE6CggAEEcQ1gQQsAM6DQgAEEcQ1gQQyQMQsAM6CwgAEIoFEJIDELADOgQIIxAnOgYIABAWEB46BQgAEIAEOg4ILhCABBDHARCvARDLAToICAAQgAQQywE6CggAEIAEEBQQhwJKBAhBGABQxwJYhhFgyxtoAXABeACAAaIBiAGNDZIBBDAuMTSYAQCgAQHAAQHIAQk&sclient=gws-wiz-serp#lrd=0x487604cd65820ea1:0xc34394bebc9bf0ac,1,,,,"
La Dame de Pic,1,https://www.tripadvisor.com/Restaurant_Review-g186338-d12207444-Reviews-La_Dame_de_Pic_London-London_England.html,"https://www.google.com/search?q=la+dame+de+pic+london&oq=La+Dame+de+Pic+&aqs=edge.1.69i57j0i273i650j0i512l4j0i20i263i512j0i273i650j0i512.4313j0j4&sourceid=chrome&ie=UTF-8#lrd=0x4876034c23cfb3d1:0x18f52c30fb245dec,1,,,,"
La Trompette,1,https://www.tripadvisor.com/Restaurant_Review-g186338-d719657-Reviews-or960-La_Trompette-London_England.html,"https://www.google.com/search?q=la+trompette&oq=La+Trompette&aqs=edge.0.0i67i650j0i273i650l2j0i512l5j69i64.505j0j4&sourceid=chrome&ie=UTF-8#lrd=0x48760e405a75a481:0x66af022bcf8c7d87,1,,,,"
Leroy (NEW),1,https://www.tripadvisor.co.uk/Restaurant_Review-g186338-d14179631-Reviews-Leroy-London_England.html,"https://www.google.com/search?q=leroy+michelin+star&oq=Leroy+mic&aqs=edge.1.69i57j0i20i263i512j0i512l7.5839j0j4&sourceid=chrome&ie=UTF-8#lrd=0x48761cb022e0f1ad:0x42afe1d2d2a7670a,1,,,,"
Locanda Locatelli,1,,
Lyle's,1,,
Marcus,1,,
Murano,1,,
The Ninth,1,,
Pétrus,1,,
Pied à Terre,1,,
Pollen Street Social,1,,
Portland,1,,
Quilon,1,,
Ritz Restaurant,1,,
River Café,1,,
Roganic (NEW),1,,
Sabor (NEW),1,,
Seven Park Place,1,,
Social Eating House,1,,
St John,1,,
Story,1,,
Texture,1,,
The Square,1,,
Trinity,1,,
Trishna,1,,
Veeraswamy,1,,
Yauatcha Soho,1,,
Adam's,1,,
Blackbird (NEW),1,,
Black Rat,1,,
Black Swan,1,,
Bohemia,1,,
Bulrush (NEW),1,,
Bybrook,1,,
Carters of Moseley,1,,
Casamia,1,,
Clock House,1,,
The Coach,1,,
Coworth Park,1,,
The Cross at Kenilworth,1,,
Crown,1,,
The Dining Room,1,,
Driftwood,1,,
Elephant,1,,
Fischer's at Baslow Hall,1,,
Fordwich Arms (NEW),1,,
Forest Side,1,,
Fraiche,1,,
Gidleigh Park (NEW),1,,
Gravetye Manor,1,,
Hambleton Hall,1,,
Hinds Head,1,,
House of Tides,1,,
HRiSHi,1,,
John's House,1,,
Le Champignon Sauvage,1,,
Lympstone Manor,1,,
The Man Behind The Curtain,1,,
Masons Arms,1,,
Matt Worswick at The Latymer,1,,
Morston Hall,1,,
The Neptune,1,,
Northcote,1,,
Nut Tree,1,,
Olive Tree (NEW),1,,
L’Ortolan,1,,
Outlaw’s Fish Kitchen,1,,
Oxford Kitchen (NEW),1,,
Paco Tapas,1,,
Paul Ainsworth at No. 6,1,,
Peel's,1,,
Pipe and Glass,1,,
Pony & Trap,1,,
Purnell's,1,,
Red Lion Freehouse,1,,
Restaurant Hywel Jones by Lucknam Park,1,,
Restaurant Tristan,1,,
Rogan & Co (NEW),1,,
Salt (NEW),1,,
Samphire (formerly Ormer),1,,
Simon Radley at Chester Grosvenor,1,,
Simpsons,1,,
Sorrel (NEW),1,,
The Sportsman,1,,
Star Inn at Harome,1,,
Thomas Carr at The Olive Room,1,,
Tim Allen’s Flitch of Bacon (NEW),1,,
Tudor Room,1,,
West House,1,,
White Swan (NEW),1,,
wilk's,1,,
Winteringham Fields (NEW),1,,
Woodspeen,1,,
Yorke Arms,1,,
21212,1,,
Braidwoods,1,,
The Cellar,1,,
Kitchin,1,,
Loch Bay,1,,
Martin Wishart,1,,
Number One,1,,
The Peat Inn,1,,
The Checkers,1,,
James Sommerin,1,,
Sosban & The Old Butchers,1,,
Tyddyn Llan,1,,
Walnut Tree,1,,
The Whitebrook,1,,
Ynyshir,1,,
Eipic,1,,
OX,1,,
Aniar,1,,
Campagne,1,,
Chapter One,1,,
Chestnut (NEW),1,,
Greenhouse,1,,
Heron & Grey,1,,
House,1,,
Ichigo Ichie (NEW),1,,
Lady Helen,1,,
L’Ecrivain,1,,
Loam,1,,
Mews (NEW),1,,
Wild Honey Inn,1,,
